{"cameraMode":{"drawMode":0,"name":"Shaded","section":"Shading Mode"},"sceneLighting":true,"audioPlay":false,"sceneViewState":{"showFog":true,"showMaterialUpdate":false,"showSkybox":true,"showFlares":true,"showImageEffects":true,"showParticleSystems":true},"in2DMode":false,"pivot":{"x":4.801562786102295,"y":-3.3083417415618898,"z":-34.85116958618164},"rotation":{"x":0.0006771956686861813,"y":0.9974687695503235,"z":-0.07045698165893555,"w":0.009565376676619053},"size":37.21160125732422,"orthographic":false}