{"cameraMode":{"drawMode":0,"name":"Shaded","section":"Shading Mode"},"sceneLighting":true,"audioPlay":false,"sceneViewState":{"showFog":true,"showMaterialUpdate":false,"showSkybox":true,"showFlares":true,"showImageEffects":true,"showParticleSystems":true},"in2DMode":false,"pivot":{"x":6.328349590301514,"y":-26.71460723876953,"z":-31.867401123046876},"rotation":{"x":-0.019535144791007043,"y":-0.9318478107452393,"z":0.3587527275085449,"w":-0.050740797072649},"size":41.43954849243164,"orthographic":false}